<?xml version="1.0"?>
<config xmlns:xsi="http://www.w3.org/2001/XMLSchema-instance" xsi:noNamespaceSchemaLocation="urn:magento:module:Magento_Config:etc/system_file.xsd">
    <system>
        <tab id="sunflowerbiz" sortOrder="888" translate="label" class="sunflowerbiz-tab">
            <label>Sunflowerbiz</label>
        </tab>
		 <section id="se_sunflowerbiz_base"  translate="label" type="text" sortOrder="1" showInDefault="1" showInWebsite="1" showInStore="1">
		  	<class>separator-top</class>
            <label>Extensions Information</label>
            <tab>sunflowerbiz</tab>
            <resource>Sunflowrbiz_Base::category_configuration</resource>
            <group id="general" translate="label" type="text" sortOrder="100" showInDefault="1" showInWebsite="1" showInStore="1">
			 <comment><![CDATA[<a href="https://www.sunflowerbiz.com/" target="_blank">Click here to view more about author</a>]]></comment>
                <label>Extensions Information</label>
				  <frontend_model>Sunflowerbiz\Base\Block\Info</frontend_model>
			  </group>
			  <group id="notifications" translate="label" type="text" sortOrder="200" showInDefault="1" showInWebsite="1" showInStore="1">
                <label>Notifications</label>
                <field id="active" translate="label" type="select" sortOrder="10" showInDefault="1" showInWebsite="1" showInStore="1">
                    <label>Notifications</label>
                     <source_model>Magento\Config\Model\Config\Source\Yesno</source_model>
                </field>
          </group>
        </section>	
    </system>
</config>
